INSERT INTO user (username, fullname, email, filename, password)
VALUES ('kezian', 'Zian Ke', 'email@kezian.me', '9285264efa7d9268d38c05c92e46e13d825f361411cdb2c347dc6965fd80f716.png',
        'sha512$416df4e4bfbc4ab7b74738f9fb648961$be37997f6a6bb7709c70721480f5d0383a9d14b0e1327c4f99023f284a7a0a095665d08348d6f9224317fe2886394c95a6474a81a595ca9fe5a630dcab7c0b49');

INSERT INTO post (post_id, cover, is_project, title, abstract, text, uri, created)
VALUES ('1', '9820af54ee0f9cac71967e91b0db3c71378d445d1c12d8bff94cafd01f24e3f5.jpg', 0, '美国五大交响乐团巡礼',
        'New York Philharmonic Orchestra @ Hill Auditorium。首先必须给UM的音乐厅点个赞。前段时间研究了下17-18美国各大名校的音乐会日程表，论演出质量，UM独一档，Yale、Duke、UC Davis等二档，其余高校三档。此次请来NYPO，还是新总监van Zweden上任后的首轮世界巡演，堪称本乐季的最大惊喜。', 'New York Philharmonic Orchestra @ Hill Auditorium。首先必须给UM的音乐厅点个赞。前段时间研究了下17-18美国各大名校的音乐会日程表，论演出质量，UM独一档，Yale、Duke、UC Davis等二档，其余高校三档。此次请来NYPO，还是新总监van Zweden上任后的首轮世界巡演，堪称本乐季的最大惊喜。演出难称完美，但也足够精彩。本想听听小提琴家出身的van Zweden能将NYPO的弦乐调教得怎样，结果还是意料之外情理之中地被铜管惊艳。尤其是以Christopher Martin为首的小号组，马勒第五交响曲首乐章头几个音符便展现出这位前CSO首席的不凡功力。末乐章在小号、圆号的共同carry下，也让人暂且忘记了弦乐组的黯淡。毕竟马五这部作品，铜管出彩便已成功一半。但也必须承认，van Zweden与NYPO尤其是弦乐组的磨合，还有很长的路要走。
Chicago Symphony Orchestra @ Chicago Symphony Center。本以为NYPO招牌的铜管已经足够出色，然而与CSO一比还是败下阵来。前者属于在80～99分的区间里游走，后者却能自始至终保持95分以上的高水准。更难得的是如此优秀的铜管从不会淹没弦乐与木管，而是与其它声部保持完美的平衡，这无疑是Riccardo Muti的功劳。看Muti大师的指挥，他清晰准确的手势常给人一种雕刻大理石像之感，少一分则显瘦，多一分则累赘，一切都恰到好处，却又丝毫不显乏味，因为其中隐含的那份对原谱的忠诚，往往比新颖的手法、热烈的情感更让人肃然起敬。
Boston Symphony Orchestra @ Boston Symphony Hall。如果说Riccardo Muti与CSO正如日中天地稳坐美国交响乐团头把交椅，那么Andris Nelsons与BSO则是古典乐坛一颗冉冉升起的新星。这场的布鲁克纳第四交响曲，第二乐章Nelsons悠远绵长的演绎所营造出的虔诚与圣洁、第四乐章BSO辉煌灿烂的齐奏所展现出的庄严与崇高，即使在老一辈大师的录音中也不多见。在成为BSO总监的第三个年头便能达到如此高度，Nelsons的天赋可见一斑。然而以其对德奥作曲家的深刻理解，私以为欧洲才是他最好的归宿。如能在恩师Mariss Jansons隐退后继承其衣钵，同时执掌格万特豪斯与巴伐利亚广播交响乐团就再好不过了。因为在巴伐利亚有更浓厚的音乐底蕴，有更温暖的弦乐与更优美的木管，也有他最爱的瓦格纳与拜罗伊特音乐节，有最适合他施展才华的一片土壤。
Philadelphia Orchestra @ Verizon Hall。同样作为新生代指挥中的佼佼者，Yannick Nézet-Séguin与费城管弦乐团的《西区故事》只能说差强人意。Yannick未尝不是一位优秀的指挥，他的莫扎特歌剧有着细腻的织体，门德尔松交响曲有着斑斓的色彩，只是这些录音都是与小编制室内乐团合作。而当乐团换成大编制的费城管弦，尤其是在这种美国本土作品专场中，观众们还是倾向于听到更硬朗一些的声音，以展现出伯恩斯坦作品中极富戏剧性与抒情性的一面。不过抛开指挥风格不谈，乐团本身的素质也乏善可陈。遥想Eugene Ormandy时期费城管弦乐团饱满的音色、自信的气场，如今已物是人非。进入21世纪后音乐总监换了一位又一位，然而皆因任期较短而鲜有作为。殊不知无论是费城的奥曼迪之声，还是芝加哥的索尔第音色，都是指挥家倾数十载光阴悉心打造出来的。如今费城既已将指挥棒交到年轻的Yannick手中，想必是对他寄予厚望，也期待他能给乐团打上属于自己的烙印。
Cleveland Orchestra @ Severance Hall。说起指挥与乐团的黄金组合，就不得不提George Szell棒下的克里夫兰管弦乐团。Szell为克里夫兰留下的遗产不只有以贝多芬为代表的权威演绎，更有影响乐团数十年的严谨作风。克里夫兰管弦或许从来不是美国最优秀的交响乐团，但它一定是最务实的一个。在其百年历史中，从未有过像本世纪初费城、波士顿那样的低谷。如今在奥地利人Franz Welser-Möst的调教下，克里夫兰管弦乐团虽未继承Szell那种凌厉的风格，木管组却平添一份典雅，弦乐组的层次感也更上一层楼，而不变的是每个乐手极为扎实的基本功，以及对交响乐总谱每个细节孜孜不倦的挖掘。这场的苏格兰交响曲，演奏时所用的乐团编制往往是个难题，用大编制则二乐章略显浑浊，用小编制则末乐章稍逊气势，大概也只有像克里夫兰管弦这种大气而不失细腻的乐团才能奏出最完美的效果吧。
当我们来到美国的大都市，往往会将当地的美术馆列入必去景点，却对这些历史悠久的音乐厅与交响乐团知之甚少。说实话同时作为这两种艺术的爱好者，我既不觉得音乐比美术浅薄，也不认为美术比音乐易懂。当我们走进美术馆欣赏从古希腊雕塑至印象派油画之美的同时，也请不要忘记经典艺术的另一个分支，古典音乐。更何况美国几乎所有音乐厅都会提供非常良心的学生票。在Hill Auditorium只需20刀便可坐在最好的位子，欣赏铃木雅明、佩拉希亚等一众即将来访的大师们的演出。同时也要安利一下那些美国本土名团。虽然Big Five总体而言不及上世纪六七十年代巅峰期的辉煌，但Andris Nelsons，Yannick Nézet-Séguin，Gustavo Dudamel等新锐指挥的涌现，也让我们对美国交响乐团的复兴充满期待。',
        '美国五大交响乐团巡礼', '2017-11-27 01:43:00');

INSERT INTO photo (photo_id, filename, created)
VALUES (1, '9820af54ee0f9cac71967e91b0db3c71378d445d1c12d8bff94cafd01f24e3f5.jpg', '2017-11-27 06:43:00'),
  (2, 'd1ed26fc4016ff4b87537b78ec19fd0aa4ac8987ad67fb20b823c9336f9a4500.jpg', '2017-11-27 06:43:00'),
  (3, '33ee231e5b93b1243b06f7f716494919c18ea83aa3dd5fe65d7a0dbfb50d6f86.jpg', '2017-11-27 06:43:00'),
  (4, 'e83ccae7f3e4abdf8cbe4fa8551f7627b68798f488251af9ee5598d9ede413f5.jpg', '2017-11-27 06:43:00'),
  (5, '478293c807a306470c0e8879a90639a5b5a1119665166298df72303d3f35e21b.jpg', '2017-11-27 06:43:00'),
  (6, '4cb3d7f2644dbc0e3b1294e6f36ab0b4d6e82dc4caa8a7a328b9001f6836f317.jpg', '2017-11-27 06:43:00'),
  (7, '8ce288215d06369247708f48c30a438d744fc327145d97870ef1390366c0f855.jpg', '2017-11-27 06:43:00'),
  (8, '3548813b2ca8e4c775490990bf61a7dbf800040e1d2622aed37150d427d79f09.jpg', '2017-11-27 06:43:00'),
  (9, 'd75c57dda7f1afd8af0b9d871829aa6a72dc6b98d34f336a1026f77d316fcf6d.jpg', '2017-11-27 06:43:00'),
  (10, '91840b39b61066bb09780083c65bf72b27be8ed6ae42d9f5ff219c71cff27827.jpg', '2017-11-27 06:43:00'),
  (11, '7557280d012453071e250e4497540d7768d83110636464f02ddd24e510f7cecc.jpg', '2017-11-27 06:43:00'),
  (12, 'e87cdc260baba898ead453e6723b7477a3580c3658112a5d90048cf3dc28829d.jpg', '2017-11-27 06:43:00'),
  (13, 'c1e3995344282fc5a5ed7c2359e51beff8ba415d41bcf5332821431da1667780.jpg', '2017-11-27 06:43:00'),
  (14, 'adfc10082cf532559997d22efb477266fb7e2599d22bb696ed3b6ccdacb732b9.jpg', '2017-11-27 06:43:00'),
  (15, 'f855954b1fc8061224e463c9b9a7892148a34f316c21e000eebfac872eb5c14c.jpg', '2017-11-27 06:43:00'),
  (16, 'd6fbc1b1abef7517d363ac459152081c86fded57c9459f9c6c4db669a82c5181.jpg', '2017-11-27 06:43:00');


INSERT INTO photo_display (post_id, photo_id)
VALUES (1, 1),
  (1, 2),
  (1, 3),
  (1, 4),
  (1, 5),
  (1, 6),
  (1, 7),
  (1, 8),
  (1, 9),
  (1, 10),
  (1, 11),
  (1, 12),
  (1, 13),
  (1, 14),
  (1, 15),
  (1, 16);


INSERT INTO post (post_id, cover, is_project, title, abstract, text, uri, created)
VALUES (2, '5ea02a8015b2477d488dbce632d96d3c0a2390d7d86b153b13532b8a9c445769.jpg', 0, '法国哥特式教堂之旅',
        '平安抵达上海，终于能有空整理一下这次在法国近乎疯狂的哥特式教堂之旅。早期至盛期哥特的杰作大都集中在以巴黎为中心方圆一百公里之内，这也使我得以在四天时间里辗转五座城市，相继造访了被认为是历史第一座哥特式建筑的圣丹尼斯大教堂，以及有法国四大哥特式教堂之称的沙特尔、兰斯、亚眠、博韦大教堂。',
        '平安抵达上海，终于能有空整理一下这次在法国近乎疯狂的哥特式教堂之旅。早期至盛期哥特的杰作大都集中在以巴黎为中心方圆一百公里之内，这也使我得以在四天时间里辗转五座城市，相继造访了被认为是历史第一座哥特式建筑的圣丹尼斯大教堂，以及有法国四大哥特式教堂之称的沙特尔、兰斯、亚眠、博韦大教堂。圣丹尼斯绚烂的彩色玻璃、沙特尔厚重的飞扶壁、兰斯精雕细琢的立面、亚眠高耸的中殿拱顶、博韦壮阔的翼殿大门，共同书写了哥特式风格从萌芽到鼎盛的建筑史。这些教堂看得越多，就越发感叹中世纪并不完全是所谓的“黑暗时代”，相反它是建筑史上一个辉煌的高峰；法国也并不总是一个浪漫的国度，相反它在建筑尤其是哥特式及古典主义上是极为严谨理性的；而抛开建筑美学上的意义，这些教堂刺破穹苍的尖顶，倒并不能让信徒们更接近上帝，也并不能实现主教们倾尽全力试图建立起一座座“新耶路撒冷”的愿望，相反却让中世纪日趋腐败的教会与真正的圣城渐行渐远……
至此，为期36天的欧洲七国文化苦旅总算是告一段落了。庆幸自己能顺利走完这个密度爆表还特别烧脑的行程，也庆幸自己能在19岁这样一个大脑黄金期将欧洲艺术人文中最精华的部分领略了一遍。也许今后还将第四次、第五次来到欧洲，但也许再也不会有如此旺盛的好奇心和天天逼着自己早出晚归的意志力了。当然对艺术的探索永无止境，今后还更需学会如何耐得住寂寞，毕竟这种既能随时随地亲临美术真迹与顶级音乐厅，又能随走随写随发朋友圈分享心得的机会是可遇而不可求的，艺术终究还是需要静下心来独自欣赏的。',
        '法国哥特式教堂之旅', '2017-02-07 10:21:00');

INSERT INTO photo (photo_id, filename, created)
VALUES (17, '5f7d817d06a814f3abae6d9a22bed473ab3e2f7ec76b5b4ffe3f6572f100c698.jpg', '2017-02-07 10:21:00'),
  (18, 'a1424e981fcc2259979051bba24804bc3e9f1458c7c549681af44d2f4e5365d2.jpg', '2017-02-07 10:21:00'),
  (19, 'ba58088a694f108165567bc4f404b1975c45384e220cdefca0a6f6702ee02d1b.jpg', '2017-02-07 10:21:00'),
  (20, 'f900bdf347f84df72f2378514057d67d69d50833f78012dd9f3140fa5863bddf.jpg', '2017-02-07 10:21:00'),
  (21, '22f2e4126bc1cc4010bb0ee217ebed7163b9add06263794041e7819fa68b4337.jpg', '2017-02-07 10:21:00'),
  (22, 'b7861195ee777c452a3bc0a7634b7ef97ccbe6e969da1d054dcb72dafa67cb7b.jpg', '2017-02-07 10:21:00'),
  (23, '5ea02a8015b2477d488dbce632d96d3c0a2390d7d86b153b13532b8a9c445769.jpg', '2017-02-07 10:21:00'),
  (24, '3ee42c8b75d4f97d37169bc305fa84e619e0c70acb8255c90454c797f89cf031.jpg', '2017-02-07 10:21:00'),
  (25, 'd67994dc4fdbbf13efbbf21cd54c012855a88b557ef445068c1655808bc4a981.jpg', '2017-02-07 10:21:00'),
  (26, '97322057a1b4cad85324a7d30571d95b2ba038cd255577c67481ae62de2083ab.jpg', '2017-02-07 10:21:00'),
  (27, '315977808cc46f73d06f4999e655fe76b49435f5bc8074c03dafae67d71995e2.jpg', '2017-02-07 10:21:00'),
  (28, 'dc1a041d4d8f6f87d7c3317f47f5422e468bfc2268ab22d5154b1220b493203d.jpg', '2017-02-07 10:21:00'),
  (29, '0dd33adc914c08dd99fd239d0d993084e1933537b244f63412f1531d5aad0d0d.jpg', '2017-02-07 10:21:00'),
  (30, 'af2e2a89cd639026e844d00e880742a6467af576116235d8fa9384dbbb554fc8.jpg', '2017-02-07 10:21:00'),
  (31, 'c3d3a89db65e1f5430cdeab373e355e269b6d434f7b796f5f732397cd9e47cc0.jpg', '2017-02-07 10:21:00'),
  (32, '9b7924355fceb86ea0299e84aa6247cd31f82d54a14bcb9a57b83c4ae8c67454.jpg', '2017-02-07 10:21:00'),
  (33, '2150003d59630c7bed8a95325e85088ed6faeffd8bf2ba94d5229a9eaac40d97.jpg', '2017-02-07 10:21:00'),
  (34, '34c7e615056f27358e257d46b1fd5c0d4d843f9835fe25e5405d8e3adf5fedf8.jpg', '2017-02-07 10:21:00'),
  (35, '894827573b502a4fae34103bf6a5fd8222f0e66459039c7c44e5f171f8992826.jpg', '2017-02-07 10:21:00'),
  (36, '0c270e6f39bca40be8010ddb719d900fb63edabaa8a4130a7bdd925906096856.jpg', '2017-02-07 10:21:00'),
  (37, 'e8368c8f01e590e85e92e4d49e24c4b697857a34cc8ba7312aef8d237726817d.jpg', '2017-02-07 10:21:00'),
  (38, '5addb7436c340bc553592a1792c36cd7a34a87ff94149c872af871cb15e5e614.jpg', '2017-02-07 10:21:00'),
  (39, '6f3b6802c0d4e148fee4f2d899f904c175e16d1deb56f46d388db98671dbd816.jpg', '2017-02-07 10:21:00'),
  (40, 'bde8c6718463ada110dd5f9c618a9cd88aa492bb3b6d6b9f8076e15ee9ac98e4.jpg', '2017-02-07 10:21:00'),
  (41, '584f5155843faf762619ba3f6fb01262cb1e5556eae047704119f08bca661dd1.jpg', '2017-02-07 10:21:00'),
  (42, '9c002bbc702f63ff0a98d56720cc045ad4e7ea0af0f6f31b4a8867647b9559d7.jpg', '2017-02-07 10:21:00'),
  (43, '32adaa2f16424242dee9de97bffed0da139ae3d87b429dfbd83519b4e410e274.jpg', '2017-02-07 10:21:00'),
  (44, '7cee3d8649dc46955805d6834dc3e28cf32a5b2a391955b714c199d4589e5e53.jpg', '2017-02-07 10:21:00');

INSERT INTO photo_display (post_id, photo_id)
VALUES (2, 17),
  (2, 18),
  (2, 19),
  (2, 20),
  (2, 21),
  (2, 22),
  (2, 23),
  (2, 24),
  (2, 25),
  (2, 26),
  (2, 27),
  (2, 28),
  (2, 29),
  (2, 30),
  (2, 31),
  (2, 32),
  (2, 33),
  (2, 34),
  (2, 35),
  (2, 36),
  (2, 37),
  (2, 38),
  (2, 39),
  (2, 40),
  (2, 41),
  (2, 42),
  (2, 43),
  (2, 44);

INSERT INTO post (post_id, cover, is_project, title, abstract, text, uri, created)
VALUES (3, '5511210dd15819a6dca332e9c0e9281c1401c984efa196561a1d55e3def779c1.png', 1, 'Online Appraisal System',
        'This Online Appraisal System is developed for an executive at Huawei Technologies Co., Ltd. It enables employers to send questionnaires and give appraisals to their employees. The website also sells well-designed questionnaires to employers. Technology Stack: jQuery, Bootstrap, CodeIgniter, LAMP',
        'Time: April 2017 - December 2017. Position: Leader of project team.
This Online Appraisal System is developed for an executive at Huawei Technologies Co., Ltd. It implements the following functions:
1. Admins create questionnaires and sell them to employers.
2. Employers purchase questionnaires from our online market, and send them to employees.
3. Employees receive an email including the URL of questionnaire, then fill in the questionnaire and submit.
4. The system automatically or manually give appraisals to employees and send feedbacks to employers by email.
The website is currently under test and will soon be launched. You can have a glance at it on <a target="_blank" href="http://101.132.34.149/ce-ping/src/index.php/login">http://101.132.34.149/ce-ping/src/index.php/login</a> with “test” as username and “testonly” as password. Notice that the server is for test only. Please do not make any purchase on the website.
Technology Stack: jQuery, Bootstrap, CodeIgniter, LAMP (Linux/Apache/MySQL/PHP).', 'online-appraisal-system',
        '2018-01-18 18:03:00');

INSERT INTO photo (photo_id, filename, created)
VALUES (45, '9f44bc62c5cf49395723e3ce4a5a795141b73c5de6f815296bc16a6da05fd12b.png', '2018-01-18 18:03:00'),
  (46, 'c425814ddecc8a641c1cb59d83cbb0a3e824ceda314b328c1021b0a724357c95.png', '2018-01-18 18:03:00'),
  (47, '5511210dd15819a6dca332e9c0e9281c1401c984efa196561a1d55e3def779c1.png', '2018-01-18 18:03:00'),
  (48, '0e1226944e72a657505492c091fe852f38cc0c4ce227da7aa13acd725e447184.png', '2018-01-18 18:03:00');


INSERT INTO photo_display (post_id, photo_id)
VALUES (3, 45),
  (3, 46),
  (3, 47),
  (3, 48);

INSERT INTO post (post_id, cover, is_project, title, abstract, text, uri, created)
VALUES (4, 'eb24ddc481f04ac4ee9c92d14d988fa148b319901df62e733d7e899f8cf2847e.jpg', 1, 'UM-CSSA Rate My Professor',
        'Rate My Professor is one of the apps on the official website of UM-CSSA. It enables students of UM to give comments to their professors. The comments can be searched by other students and will benefit them during course selection. Technology Stack: React, Flask, SQLite, NPM, Nginx',
        'Time: January 2018 – Present. Position: Leader of project team
Rate My Professor is one of the apps on the official website of the University of Michigan Chinese Students and Scholars Association (UM-CSSA). It will implement the following functions:
1. Students of UM can give comments to their professors, as well as the rate of course workload, degree of difficulty, etc.
2. Other students can search the comments by course name, professor name, workload, difficulty, etc. This will benefit them, especially freshmen, during course selection.
The website of CSSA Apps is <a target="_blank" href="http://app.um-cssa.org/">http://app.um-cssa.org/</a>. This project has just started, and will be completed by the end of March 2018. If you are a student at the University of Michigan and desire to serve your schoolmates, welcome to <a href="mailto:email@kezian.me">email me</a> and join our development team.
Technology Stack: React, Flask, SQLite, NPM, Nginx.', 'um-cssa-rate-my-professor',
        '2018-01-20 23:35:00');

INSERT INTO photo (photo_id, filename, created)
VALUES (49, 'eb24ddc481f04ac4ee9c92d14d988fa148b319901df62e733d7e899f8cf2847e.jpg', '2018-01-20 23:35:00');


INSERT INTO photo_display (post_id, photo_id)
VALUES (4, 49);

INSERT INTO post (post_id, cover, is_project, title, abstract, text, uri, created)
VALUES (5, 'a6c8578b85bb89491378d17d4fdaccb7799dd3e08bc40d83d218d22cc264ecb9.png', 1, 'Personal Website',
        'The website you are now visiting is developed by myself. It records my life stories and project experiences. You can learn a lot about my skills and hobbies through it. Technology Stack: jQuery, Bootstrap, Flask, SQLite, Nginx',
        'Time: January 2018 – Present.
The website you are now visiting, <a target="_blank" href="http://kezian.me/">kezian.me</a>, is developed by myself. It records my life stories and project experiences. You can learn a lot about my skills and hobbies through it.
Technology Stack: jQuery, Bootstrap, Flask, SQLite, Nginx.', 'personal-website',
        '2018-01-18 23:41:00');

INSERT INTO photo (photo_id, filename, created)
VALUES (50, 'a6c8578b85bb89491378d17d4fdaccb7799dd3e08bc40d83d218d22cc264ecb9.png', '2018-01-18 23:41:00'),
  (51, '8ff1225b6fc814af105e47bcf0fe441fb74da5333e6e0953dc430af3e702fb59.png', '2018-01-18 23:41:00'),
  (52, 'd12c7b75bb25dc8ab81da0dccaf865c81d9ac8351c8dd64858f11a8de4721395.png', '2018-01-18 23:41:00'),
  (53, '0db592dcb71d3d518288e9b6af5c6d34468a1e0e8cc1410e34ecf562030aeee1.png', '2018-01-18 23:41:00');


INSERT INTO photo_display (post_id, photo_id)
VALUES (5, 50),
  (5, 51),
  (5, 52),
  (5, 53);